,sent1,sent2,label,referent,pronoun
0,The researchers discussed the books,They got bored,0,books,They
1,The hardworking students discussed the books,They got bored,0,books,They
2,The teachers read the scientific journals,They were boring,0,teachers,They
3,The hardworking students reviewed the books,They were boring,1,books,They
4,The teachers discussed the books,They were excited,0,books,They
5,The researchers read the scientific journals,They were exciting,0,researchers,They
6,The teachers discussed the books,They got bored,0,books,They
7,The hardworking students discussed the scientific journals,They were bored,0,journals,They
8,The teachers discussed the books,They were boring,1,books,They
9,The teachers reviewed the scientific journals,They were exciting,1,journals,They
10,The researchers discussed the scientific journals,They were bored,0,journals,They
11,The hardworking students read the scientific journals,They were boring,0,students,They
12,The hardworking students reviewed the books,They were excited,1,students,They
13,The teachers read the books,They were excited,0,books,They
14,The hardworking students read the scientific journals,They were bored,0,journals,They
15,The researchers discussed the scientific journals,They got excited,0,journals,They
16,The teachers reviewed the scientific journals,They got excited,1,teachers,They
17,The researchers reviewed the scientific journals,They were bored,1,researchers,They
18,The teachers discussed the books,They were exciting,1,books,They
19,The hardworking students reviewed the scientific journals,They were boring,1,journals,They
20,The researchers read the books,They were excited,0,books,They
21,The hardworking students discussed the books,They were boring,1,books,They
22,The researchers read the scientific journals,They got excited,0,journals,They
23,The teachers discussed the scientific journals,They were exciting,1,journals,They
24,The researchers discussed the scientific journals,They were boring,1,journals,They
25,The researchers read the scientific journals,They were bored,0,journals,They
26,The researchers reviewed the books,They got bored,1,researchers,They
27,The researchers reviewed the scientific journals,They were exciting,1,journals,They
28,The hardworking students reviewed the books,They got bored,1,students,They
29,The researchers read the books,They got bored,0,books,They
30,The teachers read the scientific journals,They were exciting,0,teachers,They
31,The teachers read the scientific journals,They were bored,0,journals,They
32,The researchers reviewed the scientific journals,They got excited,1,researchers,They
33,The teachers reviewed the scientific journals,They were boring,1,journals,They
34,The hardworking students read the books,They were boring,0,students,They
35,The researchers read the books,They were boring,0,researchers,They
36,The teachers read the books,They got bored,0,books,They
37,The researchers discussed the books,They were excited,0,books,They
38,The hardworking students discussed the scientific journals,They got excited,0,journals,They
39,The hardworking students read the scientific journals,They were exciting,0,students,They
40,The teachers reviewed the books,They were exciting,1,books,They
41,The researchers discussed the books,They were exciting,1,books,They
42,The hardworking students reviewed the books,They were exciting,1,books,They
43,The teachers discussed the scientific journals,They got excited,0,journals,They
44,The researchers reviewed the books,They were exciting,1,books,They
45,The hardworking students discussed the scientific journals,They were boring,1,journals,They
46,The hardworking students reviewed the scientific journals,They were exciting,1,journals,They
47,The researchers discussed the scientific journals,They were exciting,1,journals,They
48,The hardworking students read the books,They were exciting,0,students,They
49,The researchers reviewed the scientific journals,They were boring,1,journals,They
50,The teachers reviewed the scientific journals,They were bored,1,teachers,They
51,The researchers read the books,They were exciting,0,researchers,They
52,The teachers reviewed the books,They got bored,1,teachers,They
53,The teachers discussed the scientific journals,They were bored,0,journals,They
54,The hardworking students read the scientific journals,They got excited,0,journals,They
55,The teachers read the scientific journals,They got excited,0,journals,They
56,The teachers reviewed the books,They were boring,1,books,They
57,The researchers discussed the books,They were boring,1,books,They
58,The teachers read the books,They were exciting,0,teachers,They
59,The hardworking students discussed the books,They were exciting,1,books,They
60,The hardworking students reviewed the scientific journals,They were bored,1,students,They
61,The hardworking students read the books,They were excited,0,books,They
62,The hardworking students discussed the books,They were excited,0,books,They
63,The researchers reviewed the books,They were excited,1,researchers,They
64,The hardworking students discussed the scientific journals,They were exciting,1,journals,They
65,The hardworking students read the books,They got bored,0,books,They
66,The teachers read the books,They were boring,0,teachers,They
67,The teachers reviewed the books,They were excited,1,teachers,They
68,The researchers reviewed the books,They were boring,1,books,They
69,The hardworking students reviewed the scientific journals,They got excited,1,students,They
70,The researchers read the scientific journals,They were boring,0,researchers,They
71,The teachers discussed the scientific journals,They were boring,1,journals,They
